{"cameraMode":{"drawMode":0,"name":"Shaded","section":"Shading Mode"},"sceneLighting":true,"audioPlay":false,"sceneViewState":{"showFog":true,"showMaterialUpdate":false,"showSkybox":true,"showFlares":true,"showImageEffects":true,"showParticleSystems":true},"in2DMode":false,"pivot":{"x":219.98553466796876,"y":614.628662109375,"z":0.0},"rotation":{"x":-0.12639321386814118,"y":0.1281805783510208,"z":-0.016472576186060907,"w":-0.9835269451141357},"size":2003.8890380859375,"orthographic":false}